name,code
N普利,|300630
N欧派,|603833
N圣龙,|603178
新赛股份,|600540
快意电梯,|002774
雪峰科技,|603227
碳元科技,|603133
元成股份,|603388
山东矿机,|002526
常青股份,|603768
久吾高科,|300631
三丰智能,|300276
天域生态,|603717
博士眼镜,|300622
三晖电气,|002857
诚意药业,|603811
至正股份,|603991
飞凯材料,|300398
捷荣技术,|002855
海量数据,|603138
光库科技,|300620
新坐标,|603040
捷捷微电,|300623
东方中科,|002819
大千生态,|603955
泰禾光电,|603656
天华院,|600579
华瑞股份,|300626
力盛赛车,|002858
同兴达,|002845
中油资本,|000617
皮阿诺,|002853
亿联网络,|300628
克来机电,|603960
寒锐钴业,|300618
新劲刚,|300629
三雄极光,|300625
维业股份,|300621
中成股份,|000151
绝味食品,|603517
东旭光电,|000413
中材国际,|600970
新泉股份,|603179
华测导航,|300627
美芝股份,|002856
华昌化工,|002274
中持股份,|603903
林海股份,|600099
西藏城投,|600773
麦格米特,|002851
新日恒力,|600165
昆百大Ａ,|000560
清源股份,|603628
旷达科技,|002516
瑞泰科技,|002066
赣锋锂业,|002460
南大光电,|300346
江阴银行,|002807
新疆浩源,|002700
宏大爆破,|002683
国际实业,|000159
光洋股份,|002708
壹桥股份,|002447
富春环保,|002479
龙溪股份,|600592
江中药业,|600750
冠农股份,|600251
利君股份,|002651
国投中鲁,|600962
中钢国际,|000928
国光股份,|002749
中环装备,|300140
连云港,|601008
*ST八钢,|600581
西藏发展,|000752
*ST京城,|600860
环球印务,|002799
美年健康,|002044
丰元股份,|002805
新农开发,|600359
苏州高新,|600736
北部湾旅,|603869
齐星铁塔,|002359
利亚德,|300296
天润乳业,|600419
兆易创新,|603986
华峰超纤,|300180
西藏矿业,|000762
新疆天业,|600075
友阿股份,|002277
太空板业,|300344
江南水务,|601199
金力泰,|300225
三峡水利,|600116
三维丝,|300056
苏试试验,|300416
准油股份,|002207
杭州解百,|600814
*ST天仪,|000710
洪汇新材,|002802
华东医药,|000963
凯盛科技,|600552
新研股份,|300159
开元仪器,|300338
杭电股份,|603618
山东墨龙,|002490
中远海特,|600428
上海新阳,|300236
中材节能,|603126
北方华创,|002371
耐威科技,|300456
云意电气,|300304
浙江永强,|002489
宁波富邦,|600768
帝王洁具,|002798
实达集团,|600734
创业软件,|300451
力合股份,|000532
西部资源,|600139
赛轮金宇,|601058
融捷股份,|002192
会畅通讯,|300578
洛阳玻璃,|600876
协鑫集成,|002506
建设机械,|600984
襄阳轴承,|000678
深华发Ａ,|000020
科森科技,|603626
新纶科技,|002341
中远海控,|601919
万丰奥威,|002085
上海天洋,|603330
顺络电子,|002138
万泽股份,|000534
中色股份,|000758
利达光电,|002189
天海防务,|300008
北纬通信,|002148
英特集团,|000411
普邦股份,|002663
华伍股份,|300095
金固股份,|002488
新洋丰,|000902
东莞控股,|000828
山推股份,|000680
恒力股份,|600346
华资实业,|600191
天富能源,|600509
万 家 乐,|000533
南洋科技,|002389
冠昊生物,|300238
天齐锂业,|002466
新兴铸管,|000778
江淮汽车,|600418
思源电气,|002028
蓝黛传动,|002765
邦讯技术,|300312
茂业商业,|600828
中科云网,|002306
三变科技,|002112
中国海诚,|002116
美 欣 达,|002034
睿康股份,|002692
诚益通,|300430
云海金属,|002182
潍柴重机,|000880
西藏旅游,|600749
福达股份,|603166
国发股份,|600538
升达林业,|002259
浙报传媒,|600633
海天味业,|603288
汉钟精机,|002158
珠江钢琴,|002678
中坚科技,|002779
荣华实业,|600311
博闻科技,|600883
ST明科,|600091
康斯特,|300445
康欣新材,|600076
安通控股,|600179
大亚圣象,|000910
瑞康医药,|002589
灵康药业,|603669
中昌数据,|600242
永鼎股份,|600105
皖通高速,|600012
好莱客,|603898
华锋股份,|002806
多氟多,|002407
西藏珠峰,|600338
海鸥卫浴,|002084
华夏幸福,|600340
爱司凯,|300521
巨力索具,|002342
丽江旅游,|002033
花园生物,|300401
京汉股份,|000615
联得装备,|300545
联创光电,|600363
齐峰新材,|002521
宁波联合,|600051
耀皮玻璃,|600819
乐凯新材,|300446
健康元,|600380
西藏天路,|600326
文科园林,|002775
中原证券,|601375
久联发展,|002037
科恒股份,|300340
京东方Ａ,|000725
凯美特气,|002549
四通股份,|603838
信维通信,|300136
雅化集团,|002497
精艺股份,|002295
辅仁药业,|600781
民盛金科,|002647
福耀玻璃,|600660
辰安科技,|300523
宝通科技,|300031
国轩高科,|002074
中电环保,|300172
中材科技,|002080
依顿电子,|603328
大立科技,|002214
宜宾纸业,|600793
威帝股份,|603023
天夏智慧,|000662
晶盛机电,|300316
鲁北化工,|600727
天赐材料,|002709
五洋科技,|300420
哈高科,|600095
江苏舜天,|600287
太安堂,|002433
东旭蓝天,|000040
宝泰隆,|601011
华钰矿业,|601020
天马精化,|002453
金花股份,|600080
中体产业,|600158
华仪电气,|600290
上海医药,|601607
国电南自,|600268
*ST吉恩,|600432
劲胜精密,|300083
大港股份,|002077
宏图高科,|600122
沧州明珠,|002108
洛阳钼业,|603993
天康生物,|002100
西泵股份,|002536
东华能源,|002221
阳谷华泰,|300121
西部创业,|000557
星宇股份,|601799
香梨股份,|600506
大连重工,|002204
中远海发,|601866
中水渔业,|000798
西部牧业,|300106
三维工程,|002469
中新科技,|603996
乐视网,|300104
杭氧股份,|002430
*ST宇顺,|002289
晨光生物,|300138
浙江仙通,|603239
振芯科技,|300101
迪威视讯,|300167
东睦股份,|600114
三毛派神,|000779
仙琚制药,|002332
金陵饭店,|601007
联建光电,|300269
华媒控股,|000607
万润科技,|002654
华塑控股,|000509
雷鸣科化,|600985
理工环科,|002322
森马服饰,|002563
永安林业,|000663
林洋能源,|601222
中房地产,|000736
恒源煤电,|600971
晶方科技,|603005
金龙机电,|300032
北特科技,|603009
中原环保,|000544
明星电缆,|603333
方正电机,|002196
海思科,|002653
普路通,|002769
荣盛石化,|002493
际华集团,|601718
联明股份,|603006
科林环保,|002499
南纺股份,|600250
宏发股份,|600885
钱江生化,|600796
赛摩电气,|300466
新 大 陆,|000997
森远股份,|300210
华天科技,|002185
南岭民爆,|002096
回天新材,|300041
佐力药业,|300181
众兴菌业,|002772
视源股份,|002841
国元证券,|000728
利民股份,|002734
多伦科技,|603528
宏达股份,|600331
三鑫医疗,|300453
天药股份,|600488
京能电力,|600578
三全食品,|002216
金智科技,|002090
顺灏股份,|002565
金圆股份,|000546
奥特佳,|002239
北化股份,|002246
奇正藏药,|002287
海亮股份,|002203
航天信息,|600271
龙宇燃油,|603003
武昌鱼,|600275
梅安森,|300275
阳光照明,|600261
深天马Ａ,|000050
乐凯胶片,|600135
天晟新材,|300169
亚厦股份,|002375
大连热电,|600719
精测电子,|300567
博信股份,|600083
浪莎股份,|600137
中颖电子,|300327
索菲亚,|002572
康达新材,|002669
金达威,|002626
同达创业,|600647
中国建筑,|601668
精华制药,|002349
裕兴股份,|300305
华灿光电,|300323
南京公用,|000421
杉杉股份,|600884
安迪苏,|600299
易事特,|300376
广州发展,|600098
斯莱克,|300382
陆家嘴,|600663
美达股份,|000782
东方国信,|300166
鹏辉能源,|300438
广联达,|002410
光韵达,|300227
太极实业,|600667
中捷资源,|002021
鸿达兴业,|002002
吉林化纤,|000420
海虹控股,|000503
深圳华强,|000062
绿景控股,|000502
浪潮软件,|600756
航天动力,|600343
晋西车轴,|600495
劲拓股份,|300400
西山煤电,|000983
三元股份,|600429
东百集团,|600693
银禧科技,|300221
升华拜克,|600226
江南嘉捷,|601313
吴江银行,|603323
游久游戏,|600652
奥维通信,|002231
新潮能源,|600777
环旭电子,|601231
宁沪高速,|600377
百洋股份,|002696
喜临门,|603008
嘉澳环保,|603822
西部建设,|002302
金卡智能,|300349
*ST煤气,|000968
阳光股份,|000608
航天工程,|603698
招商轮船,|601872
金地集团,|600383
三七互娱,|002555
宁波精达,|603088
云南白药,|000538
渝三峡Ａ,|000565
恒生电子,|600570
扬杰科技,|300373
广汇能源,|600256
江南化工,|002226
新钢股份,|600782
钱江水利,|600283
聚隆科技,|300475
茂硕电源,|002660
浩云科技,|300448
武汉控股,|600168
南京熊猫,|600775
登云股份,|002715
诺 普 信,|002215
冀东水泥,|000401
美都能源,|600175
贝达药业,|300558
理邦仪器,|300206
乐普医疗,|300003
凯乐科技,|600260
柘中股份,|002346
曲美家居,|603818
先河环保,|300137
汇鸿集团,|600981
锦龙股份,|000712
东北电气,|000585
广生堂,|300436
海航投资,|000616
*ST恒立,|000622
乐心医疗,|300562
聚光科技,|300203
中国医药,|600056
天保基建,|000965
江特电机,|002176
荣科科技,|300290
三聚环保,|300072
百大集团,|600865
广博股份,|002103
银轮股份,|002126
*ST东钽,|000962
贵绳股份,|600992
康耐特,|300061
福鞍股份,|603315
集友股份,|603429
长春经开,|600215
湖北广电,|000665
通用股份,|601500
光电股份,|600184
兴业矿业,|000426
特一药业,|002728
冠豪高新,|600433
美亚柏科,|300188
山东威达,|002026
国药一致,|000028
东凌国际,|000893
凯迪生态,|000939
济民制药,|603222
安阳钢铁,|600569
宏润建设,|002062
五洲新春,|603667
ST亚太,|000691
洲际油气,|600759
海航创新,|600555
建新股份,|300107
丰林集团,|601996
开能环保,|300272
亚太药业,|002370
陇神戎发,|300534
方大炭素,|600516
朗姿股份,|002612
昊志机电,|300503
张家界,|000430
百花村,|600721
安凯客车,|000868
复星医药,|600196
双箭股份,|002381
快乐购,|300413
盛屯矿业,|600711
福安药业,|300194
春兰股份,|600854
朗玛信息,|300288
一心堂,|002727
恒逸石化,|000703
日科化学,|300214
富奥股份,|000030
*ST山煤,|600546
金通灵,|300091
兰石重装,|603169
新开普,|300248
濮耐股份,|002225
荣盛发展,|002146
S佳通,|600182
中国化学,|601117
东阿阿胶,|000423
国睿科技,|600562
中航地产,|000043
中百集团,|000759
电光科技,|002730
新城控股,|601155
奥瑞德,|600666
赫美集团,|002356
鹏起科技,|600614
桂林旅游,|000978
通鼎互联,|002491
神开股份,|002278
恒锋工具,|300488
易联众,|300096
厚普股份,|300471
泰山石油,|000554
神州信息,|000555
大金重工,|002487
南方航空,|600029
皖新传媒,|601801
达刚路机,|300103
天科股份,|600378
山东金泰,|600385
中天科技,|600522
久其软件,|002279
三环集团,|300408
中集集团,|000039
新天然气,|603393
中国宝安,|000009
南京高科,|600064
博晖创新,|300318
仙坛股份,|002746
四创电子,|600990
大龙地产,|600159
桂林三金,|002275
中科曙光,|603019
云内动力,|000903
华联股份,|000882
天银机电,|300342
继峰股份,|603997
智飞生物,|300122
海默科技,|300084
鼎捷软件,|300378
口子窖,|603589
印纪传媒,|002143
浙商中拓,|000906
英威腾,|002334
山东药玻,|600529
南方轴承,|002553
吉林森工,|600189
宜昌交运,|002627
网宿科技,|300017
得利斯,|002330
威华股份,|002240
中南文化,|002445
金亚科技,|300028
通策医疗,|600763
宝利国际,|300135
天业通联,|002459
特发信息,|000070
华斯股份,|002494
精锻科技,|300258
北玻股份,|002613
云南旅游,|002059
贵州百灵,|002424
国农科技,|000004
华光股份,|600475
包钢股份,|600010
双龙股份,|300108
延长化建,|600248
赞宇科技,|002637
洪城水业,|600461
红旗连锁,|002697
东软载波,|300183
贵阳银行,|601997
硅宝科技,|300019
中山公用,|000685
*ST创疗,|002173
聚飞光电,|300303
华丽家族,|600503
华铁科技,|603300
江西铜业,|600362
新华文轩,|601811
嘉凯城,|000918
阳普医疗,|300030
立讯精密,|002475
北巴传媒,|600386
*ST烯碳,|000511
合康新能,|300048
高争民爆,|002827
晓程科技,|300139
台基股份,|300046
比亚迪,|002594
拓维信息,|002261
金陵药业,|000919
浩丰科技,|300419
中珠医疗,|600568
绵石投资,|000609
环能科技,|300425
华润三九,|000999
信邦制药,|002390
东港股份,|002117
大庆华科,|000985
华懋科技,|603306
火炬电子,|603678
和邦生物,|603077
创维数字,|000810
中国中期,|000996
万东医疗,|600055
宁波东力,|002164
圣阳股份,|002580
长城电工,|600192
滨化股份,|601678
卫 士 通,|002268
安源煤业,|600397
恒泰艾普,|300157
安控科技,|300370
*ST神火,|000933
宁波华翔,|002048
山东章鼓,|002598
方大特钢,|600507
正虹科技,|000702
艾华集团,|603989
广弘控股,|000529
秀强股份,|300160
河钢股份,|000709
天沃科技,|002564
科泰电源,|300153
梅花生物,|600873
柳化股份,|600423
出版传媒,|601999
上海机场,|600009
微光股份,|002801
鞍重股份,|002667
中光防雷,|300414
哈森股份,|603958
黑牡丹,|600510
重庆百货,|600729
温州宏丰,|300283
潍柴动力,|000338
无锡银行,|600908
跨境通,|002640
希努尔,|002485
江苏国泰,|002091
富临运业,|002357
联创互联,|300343
精功科技,|002006
初灵信息,|300250
五 粮 液,|000858
梅泰诺,|300038
香溢融通,|600830
通宝能源,|600780
亨通光电,|600487
通合科技,|300491
新北洋,|002376
*ST獐岛,|002069
广信材料,|300537
GQY视讯,|300076
东方电热,|300217
烽火电子,|000561
电广传媒,|000917
苏 泊 尔,|002032
燕塘乳业,|002732
龙大肉食,|002726
沱牌舍得,|600702
格林美,|002340
太阳能,|000591
华意压缩,|000404
安硕信息,|300380
贤丰控股,|002141
美尔雅,|600107
海螺型材,|000619
高盟新材,|300200
台海核电,|002366
双鹭药业,|002038
凯中精密,|002823
乾照光电,|300102
大豪科技,|603025
上柴股份,|600841
麦迪电气,|300341
常宝股份,|002478
高斯贝尔,|002848
名家汇,|300506
飞利信,|300287
西水股份,|600291
龙力生物,|002604
新世界,|600628
士兰微,|600460
中储股份,|600787
国风塑业,|000859
动力源,|600405
重庆啤酒,|600132
云天化,|600096
宏达新材,|002211
思美传媒,|002712
长春高新,|000661
万林股份,|603117
广东明珠,|600382
武汉凡谷,|002194
海正药业,|600267
仁和药业,|000650
同济堂,|600090
金轮股份,|002722
长盈精密,|300115
广东鸿图,|002101
嘉寓股份,|300117
乐山电力,|600644
昊华能源,|601101
金刚玻璃,|300093
轻纺城,|600790
太平洋,|601099
贵研铂业,|600459
安科瑞,|300286
拉芳家化,|603630
三星医疗,|601567
凯莱英,|002821
丰华股份,|600615
华友钴业,|603799
煌上煌,|002695
华菱钢铁,|000932
天喻信息,|300205
广汽集团,|601238
青松股份,|300132
海伦钢琴,|300329
世嘉科技,|002796
中远海能,|600026
西安旅游,|000610
银之杰,|300085
创兴资源,|600193
仰帆控股,|600421
新国都,|300130
北方稀土,|600111
春秋航空,|601021
国投电力,|600886
银龙股份,|603969
高新兴,|300098
鲍斯股份,|300441
*ST钒钛,|000629
文投控股,|600715
四方股份,|601126
罗平锌电,|002114
贵州茅台,|600519
红阳能源,|600758
丰乐种业,|000713
佛山照明,|000541
飞力达,|300240
长航凤凰,|000520
海汽集团,|603069
梅雁吉祥,|600868
沃尔核材,|002130
鞍钢股份,|000898
中粮地产,|000031
高科石化,|002778
同有科技,|300302
兔 宝 宝,|002043
龙源技术,|300105
厦门钨业,|600549
中粮糖业,|600737
天宝股份,|002220
西藏药业,|600211
丰东股份,|002530
美克家居,|600337
华虹计通,|300330
明家联合,|300242
航天科技,|000901
柯利达,|603828
齐心集团,|002301
吉电股份,|000875
宝馨科技,|002514
通葡股份,|600365
华谊集团,|600623
中国国贸,|600007
德尔股份,|300473
和晶科技,|300279
中超控股,|002471
苏常柴Ａ,|000570
达 意 隆,|002209
方大集团,|000055
国中水务,|600187
山西汾酒,|600809
万 科Ａ,|000002
永清环保,|300187
石化机械,|000852
正邦科技,|002157
恒丰纸业,|600356
*ST皇台,|000995
金石东方,|300434
中钢天源,|002057
歌华有线,|600037
福星股份,|000926
朗源股份,|300175
盛通股份,|002599
泰和新材,|002254
韩建河山,|603616
南威软件,|603636
中基健康,|000972
百隆东方,|601339
万向德农,|600371
银邦股份,|300337
大智慧,|601519
福田汽车,|600166
山东海化,|000822
*ST南化,|600301
尤洛卡,|300099
马钢股份,|600808
同大股份,|300321
光明乳业,|600597
华中数控,|300161
京天利,|300399
冀中能源,|000937
中粮生化,|000930
南京新百,|600682
曙光股份,|600303
锡业股份,|000960
佳士科技,|300193
新澳股份,|603889
智慧农业,|000816
奥普光电,|002338
格力电器,|000651
雅克科技,|002409
长江投资,|600119
史丹利,|002588
鸿博股份,|002229
珠江啤酒,|002461
远 望 谷,|002161
交大昂立,|600530
中衡设计,|603017
益生股份,|002458
华联综超,|600361
隆华节能,|300263
坚瑞沃能,|300116
云南铜业,|000878
云铝股份,|000807
金正大,|002470
超声电子,|000823
赛象科技,|002337
金 融 街,|000402
宏达高科,|002144
金证股份,|600446
泸州老窖,|000568
长方集团,|300301
天桥起重,|002523
广州浪奇,|000523
北京城乡,|600861
能科股份,|603859
青龙管业,|002457
山西焦化,|600740
福晶科技,|002222
红 宝 丽,|002165
中航重机,|600765
上海莱士,|002252
华铭智能,|300462
焦点科技,|002315
金禾实业,|002597
金钼股份,|601958
读者传媒,|603999
国光电器,|002045
永太科技,|002326
湘潭电化,|002125
外高桥,|600648
海立股份,|600619
先锋电子,|002767
沈阳化工,|000698
长城影视,|002071
常熟银行,|601128
模塑科技,|000700
洽洽食品,|002557
盛达矿业,|000603
易尚展示,|002751
东音股份,|002793
华宏科技,|002645
众业达,|002441
文化长城,|300089
怡球资源,|601388
南天信息,|000948
迪森股份,|300335
荣丰控股,|000668
嘉欣丝绸,|002404
大连友谊,|000679
红墙股份,|002809
康强电子,|002119
瑞和股份,|002620
三钢闽光,|002110
华域汽车,|600741
开山股份,|300257
华平股份,|300074
国瓷材料,|300285
中恒集团,|600252
川润股份,|002272
双汇发展,|000895
尔康制药,|300267
华西股份,|000936
刚泰控股,|600687
金隅股份,|601992
信雅达,|600571
围海股份,|002586
博汇纸业,|600966
湖北能源,|000883
步 步 高,|002251
五矿发展,|600058
神马股份,|600810
N兴股份,|002752
章源钨业,|002378
二六三,|002467
永贵电器,|300351
中国中冶,|601618
凤凰传媒,|601928
山鼎设计,|300492
晋亿实业,|601002
广泽股份,|600882
友好集团,|600778
物产中大,|600704
健盛集团,|603558
广聚能源,|000096
国新能源,|600617
云煤能源,|600792
茂业通信,|000889
再升科技,|603601
力生制药,|002393
青岛海尔,|600690
中闽能源,|600163
北大荒,|600598
冀凯股份,|002691
三房巷,|600370
皖江物流,|600575
宁波海运,|600798
润和软件,|300339
银河生物,|000806
奥 特 迅,|002227
黔轮胎Ａ,|000589
维科精华,|600152
爱普股份,|603020
长江润发,|002435
中国动力,|600482
鱼跃医疗,|002223
罗莱生活,|002293
温氏股份,|300498
阳泉煤业,|600348
维维股份,|600300
千红制药,|002550
驰宏锌锗,|600497
中威电子,|300270
和佳股份,|300273
苏宁环球,|000718
湘邮科技,|600476
东南网架,|002135
海油工程,|600583
铜峰电子,|600237
达华智能,|002512
东方财富,|300059
德联集团,|002666
重庆水务,|601158
小商品城,|600415
中国天楹,|000035
太龙药业,|600222
涪陵电力,|600452
联环药业,|600513
长荣股份,|300195
中南建设,|000961
博雅生物,|300294
海峡股份,|002320
四环生物,|000518
成飞集成,|002190
杭钢股份,|600126
鹿港文化,|601599
青岛双星,|000599
迦南科技,|300412
大名城,|600094
特 力Ａ,|000025
双塔食品,|002481
节能风电,|601016
梦洁股份,|002397
长高集团,|002452
尤夫股份,|002427
力帆股份,|601777
中国太保,|601601
万华化学,|600309
同济科技,|600846
威 尔 泰,|002058
贵糖股份,|000833
步森股份,|002569
星辉娱乐,|300043
好利来,|002729
东晶电子,|002199
长电科技,|600584
首商股份,|600723
申科股份,|002633
拓日新能,|002218
澳洋科技,|002172
翠微股份,|603123
科士达,|002518
振东制药,|300158
中国中车,|601766
中科新材,|002290
中国汽研,|601965
中能电气,|300062
海德股份,|000567
中国巨石,|600176
均胜电子,|600699
科迪乳业,|002770
北矿科技,|600980
金贵银业,|002716
华闻传媒,|000793
飞天诚信,|300386
汤臣倍健,|300146
渤海轮渡,|603167
*ST合金,|000633
亿通科技,|300211
新天科技,|300259
华映科技,|000536
海格通信,|002465
星星科技,|300256
分众传媒,|002027
菲达环保,|600526
北新建材,|000786
远光软件,|002063
金城医药,|300233
烽火通信,|600498
科新机电,|300092
国机汽车,|600335
中京电子,|002579
恒瑞医药,|600276
瀚蓝环境,|600323
汇中股份,|300371
惠泉啤酒,|600573
唐人神,|002567
厦门信达,|000701
安利股份,|300218
东方创业,|600278
光迅科技,|002281
证通电子,|002197
同花顺,|300033
*ST金源,|000408
洋河股份,|002304
真视通,|002771
道氏技术,|300409
盐湖股份,|000792
顾地科技,|002694
三诺生物,|300298
富祥股份,|300497
启迪古汉,|000590
安科生物,|300009
海螺水泥,|600585
鄂武商Ａ,|000501
长亮科技,|300348
汇嘉时代,|603101
天际股份,|002759
唐德影视,|300426
金运激光,|300220
智云股份,|300097
海康威视,|002415
吉祥航空,|603885
高能环境,|603588
中通国脉,|603559
贵人鸟,|603555
新华龙,|603399
邦宝益智,|603398
今世缘,|603369
安井食品,|603345
超讯通信,|603322
金海环境,|603311
松发股份,|603268
上海沪工,|603131
康尼机电,|603111
润达医疗,|603108
天成自控,|603085
万盛股份,|603010
光大银行,|601818
宁波建工,|601789
上海电气,|601727
郑煤机,|601717
风范股份,|601700
华泰证券,|601688
北辰实业,|601588
华锐风电,|601558
吉林高速,|601518
工商银行,|601398
交通银行,|601328
农业银行,|601288
庞大集团,|601258
君正集团,|601216
西部矿业,|601168
华鼎股份,|601113
重庆钢铁,|601005
广安爱众,|600979
宜华生活,|600978
新五丰,|600975
中房股份,|600890
石化油服,|600871
智慧能源,|600869
通化东宝,|600867
王府井,|600859
航天长峰,|600855
申通地铁,|600834
人民同泰,|600829
兰生股份,|600826
华北制药,|600812
天业股份,|600807
大连控股,|600747
新华锦,|600735
S*ST前锋,|600733
ST云维,|600725
匹凸匹,|600696
百川能源,|600681
中华企业,|600675
东阳光科,|600673
天目药业,|600671
信达地产,|600657
豫园商城,|600655
中安消,|600654
城投控股,|600649
中源协和,|600645
三爱富,|600636
大众公用,|600635
申达股份,|600626
金杯汽车,|600609
云赛智联,|600602
新安股份,|600596
泰豪科技,|600590
金晶科技,|600586
江西长运,|600561
金自天正,|600560
老白干酒,|600559
ST慧球,|600556
时代出版,|600551
栖霞建设,|600533
腾达建设,|600512
中化国际,|600500
凤竹纺织,|600493
鹏欣资源,|600490
信威集团,|600485
双良节能,|600481
风神股份,|600469
蓝光发展,|600466
九有股份,|600462
国电南瑞,|600406
红豆股份,|600400
海越股份,|600387
华菱星马,|600375
国旅联合,|600358
桂东电力,|600310
标准股份,|600302
亿阳信通,|600289
中央商场,|600280
亿利洁能,|600277
ST景谷,|600265
大湖股份,|600257
鑫科材料,|600255
万通地产,|600246
云南城投,|600239
凌钢股份,|600231
城市传媒,|600229
*ST昌九,|600228
*ST松江,|600225
罗顿发展,|600209
卧龙地产,|600173
永泰能源,|600157
宝硕股份,|600155
航天机电,|600151
商赢环球,|600146
*ST新亿,|600145
金发科技,|600143
当代明诚,|600136
弘业股份,|600128
亚盛集团,|600108
葛洲坝,|600068
浙能电力,|600023
山东钢铁,|600022
宝钢股份,|600019
华能国际,|600011
朗科智能,|300543
达威股份,|300535
中潜股份,|300526
盛讯达,|300518
金冠电气,|300510
华自科技,|300490
东杰智能,|300486
神思电子,|300479
杭州高新,|300478
新元科技,|300472
信息发展,|300469
迅游科技,|300467
高伟达,|300465
惠伦晶体,|300460
运达科技,|300440
四通新材,|300428
鲁亿通,|300423
科隆精化,|300405
腾信股份,|300392
三联虹普,|300384
东方网力,|300367
中文在线,|300364
硕贝德,|300322
海达股份,|300320
麦捷科技,|300319
掌趣科技,|300315
吉艾科技,|300309
华宇软件,|300271
万福生科,|300268
兴源环境,|300266
佳创视讯,|300264
乐金健康,|300247
方直科技,|300235
洲明科技,|300232
上海钢联,|300226
北京君正,|300223
易华录,|300212
天泽信息,|300209
海伦哲,|300201
科斯伍德,|300192
通裕重工,|300185
天瑞仪器,|300165
科融环境,|300152
量子高科,|300149
天舟文化,|300148
大富科技,|300134
经纬电材,|300120
瑞普生物,|300119
东方日升,|300118
新开源,|300109
长信科技,|300088
国民技术,|300077
南都电源,|300068
海兰信,|300065
万顺股份,|300057
三五互联,|300051
世纪鼎利,|300050
华星创业,|300025
北陆药业,|300016
张家港行,|002839
和科达,|002816
路畅科技,|002813
创新股份,|002812
吉宏股份,|002803
华源控股,|002787
埃斯顿,|002747
木林森,|002745
光华科技,|002741
爱迪尔,|002740
王子新材,|002735
海洋王,|002724
岭南园林,|002717
美盛文化,|002699
华东重机,|002685
奋达科技,|002681
东诚药业,|002675
国盛金控,|002670
信质电机,|002664
共达电声,|002655
扬子新材,|002652
勤上股份,|002638
华西能源,|002630
亚玛顿,|002623
*ST舜船,|002608
大连电瓷,|002606
江粉磁材,|002600
海南瑞泽,|002596
闽发铝业,|002578
通达动力,|002576
群兴玩具,|002575
春兴精工,|002547
鸿路钢构,|002541
亚太科技,|002540
*ST蓝丰,|002513
天汽模,|002510
天广中茂,|002509
大康农业,|002505
恒基达鑫,|002492
嘉麟杰,|002486
新筑股份,|002480
申通快递,|002468
金利科技,|002464
金洲管道,|002443
誉衡药业,|002437
胜利精密,|002426
康盛股份,|002418
三元达,|002417
必康股份,|002411
省广股份,|002400
天原集团,|002386
*ST鲁丰,|002379
伟星新材,|002372
隆基机械,|002363
*ST人乐,|002336
皇氏集团,|002329
键桥通讯,|002316
中利集团,|002309
圣农发展,|002299
天润曲轴,|002283
博深工具,|002282
联络互动,|002280
万马股份,|002276
华明装备,|002270
美邦服饰,|002269
德奥通航,|002260
海陆重工,|002255
华东数控,|002248
澳洋顺昌,|002245
通产丽星,|002243
合兴包装,|002228
南洋股份,|002212
二三四五,|002195
山东如意,|002193
全 聚 德,|002186
延华智能,|002178
东方网络,|002175
深圳惠程,|002168
悦心健康,|002162
天津普林,|002134
恒星科技,|002132
中环股份,|002129
露天煤业,|002128
科陆电子,|002121
三维通信,|002115
天润数娱,|002113
恒宝股份,|002104
冠福股份,|002102
栋梁新材,|002082
雪 莱 特,|002076
沙钢股份,|002075
凯瑞德,|002072
黑猫股份,|002068
江山化工,|002061
得润电子,|002055
三花智控,|002050
紫光国芯,|002049
航天电器,|002025
凯恩股份,|002012
豫能控股,|001896
中银绒业,|000982
银亿股份,|000981
中弘股份,|000979
安泰科技,|000969
*ST河化,|000953
新乡化纤,|000949
紫光股份,|000938
四川双马,|000935
*ST佳电,|000922
南方汇通,|000920
华北高速,|000916
*ST钱江,|000913
泸天化,|000912
银星能源,|000862
鲁西化工,|000830
天音控股,|000829
京山轻机,|000821
*ST金宇,|000803
本钢板材,|000761
山西三维,|000755
振华科技,|000733
美锦能源,|000723
新能泰山,|000720
黑芝麻,|000716
大冶特钢,|000708
炼石有色,|000697
ST华泽,|000693
东北证券,|000686
东方电子,|000682
当代东方,|000673
阳 光 城,|000671
铜陵有色,|000630
大东海A,|000613
焦作万方,|000612
*ST天首,|000611
东北制药,|000597
宝塔实业,|000595
友利控股,|000584
新大洲Ａ,|000571
莱茵体育,|000558
紫光学大,|000526
岭南控股,|000524
国际医学,|000516
粤高速Ａ,|000429
东方市场,|000301
中联重科,|000157
丰原药业,|000153
中洲控股,|000042
神州数码,|000034
深桑达Ａ,|000032
深深房Ａ,|000029
美丽生态,|000010
全新好,|000007
普丽盛,|300442
柳州医药,|603368
中国平安,|601318
我武生物,|300357
迪瑞医疗,|300396
网达软件,|603189
健民集团,|600976
汇金通,|603577
新力金融,|600318
当升科技,|300073
富临精工,|300432
胜宏科技,|300476
经纬纺机,|000666
和顺电气,|300141
桃李面包,|603866
汇通能源,|600605
万和电气,|002543
富控互动,|600634
江苏神通,|002438
人福医药,|600079
大晟文化,|600892
博腾股份,|300363
海得控制,|002184
用友网络,|600588
宝信软件,|600845
全通教育,|300359
百联股份,|600827
汇洁股份,|002763
中国卫星,|600118
深深宝Ａ,|000019
众信旅游,|002707
南宁糖业,|000911
时代新材,|600458
空港股份,|600463
永兴特钢,|002756
新华网,|603888
华鑫股份,|600621
天龙集团,|300063
山东地矿,|000409
广电网络,|600831
氯碱化工,|600618
昆药集团,|600422
鲁 泰Ａ,|000726
北方股份,|600262
维力医疗,|603309
天津港,|600717
中原内配,|002448
南京银行,|601009
佳讯飞鸿,|300213
华东电脑,|600850
溢多利,|300381
绿城水务,|601368
浙江世宝,|002703
东方铁塔,|002545
中金岭南,|000060
浙江鼎力,|603338
长城动漫,|000835
上海凯宝,|300039
东方海洋,|002086
国机通用,|600444
伊力特,|600197
有研新材,|600206
日出东方,|603366
置信电气,|600517
康得新,|002450
*ST建峰,|000950
中国武夷,|000797
中国神华,|601088
银宝山新,|002786
通源石油,|300164
建新矿业,|000688
中兴通讯,|000063
歌尔股份,|002241
中国人寿,|601628
新华保险,|601336
博彦科技,|002649
中核科技,|000777
博瑞传播,|600880
茂化实华,|000637
太极股份,|002368
吴通控股,|300292
纳川股份,|300198
龙津药业,|002750
鹏翎股份,|300375
爱尔眼科,|300015
*ST金瑞,|600390
欧菲光,|002456
大秦铁路,|601006
中国重工,|601989
宏达矿业,|600532
博云新材,|002297
赤天化,|600227
嘉应制药,|002198
中国船舶,|600150
东信和平,|002017
东富龙,|300171
康恩贝,|600572
迪马股份,|600565
正泰电器,|601877
国恩股份,|002768
万方发展,|000638
贝因美,|002570
康力电梯,|002367
龙洲股份,|002682
龙星化工,|002442
仟源医药,|300254
京蓝科技,|000711
立霸股份,|603519
视觉中国,|000681
亿纬锂能,|300014
市北高新,|600604
友邦吊顶,|002718
皇庭国际,|000056
天顺股份,|002800
重庆燃气,|600917
大众交通,|600611
长城汽车,|601633
兰太实业,|600328
中国西电,|601179
长海股份,|300196
益佰制药,|600594
德美化工,|002054
以岭药业,|002603
泰达股份,|000652
建设银行,|601939
辽宁成大,|600739
农发种业,|600313
西宁特钢,|600117
香雪制药,|300147
楚天高速,|600035
西部材料,|002149
力星股份,|300421
汉得信息,|300170
海联讯,|300277
平高电气,|600312
天玑科技,|300245
易世达,|300125
华策影视,|300133
海辰药业,|300584
杭州银行,|600926
万孚生物,|300482
黔源电力,|002039
中科电气,|300035
海南高速,|000886
浦发银行,|600000
石大胜华,|603026
劲嘉股份,|002191
华兰生物,|002007
阳光电源,|300274
海立美达,|002537
亚星客车,|600213
四川成渝,|601107
创力集团,|603012
景嘉微,|300474
华电能源,|600726
神农基因,|300189
恒华科技,|300365
鼎汉技术,|300011
北京银行,|601169
沃施股份,|300483
欧普康视,|300595
中鼎股份,|000887
探路者,|300005
润欣科技,|300493
中青宝,|300052
蓝色光标,|300058
平安银行,|000001
旗滨集团,|601636
星徽精密,|300464
峨眉山Ａ,|000888
航天通信,|600677
深圳机场,|000089
莎普爱思,|603168
霞客环保,|002015
德尔未来,|002631
华发股份,|600325
中国国旅,|601888
卫星石化,|002648
云南锗业,|002428
吉峰农机,|300022
先导智能,|300450
宁波中百,|600857
北大医药,|000788
柏堡龙,|002776
东华软件,|002065
旋极信息,|300324
益盛药业,|002566
潞安环能,|601699
中海油服,|601808
飞马国际,|002210
天能重工,|300569
江苏阳光,|600220
科华生物,|002022
吉视传媒,|601929
华电重工,|601226
江苏索普,|600746
东方锆业,|002167
龙生股份,|002625
星源材质,|300568
远达环保,|600292
常山药业,|300255
天孚通信,|300394
星期六,|002291
炬华科技,|300360
国药股份,|600511
美好置业,|000667
济川药业,|600566
潜能恒信,|300191
尚荣医疗,|002551
朗科科技,|300042
澳柯玛,|600336
中国银行,|601988
鸿特精密,|300176
TCL 集团,|000100
云投生态,|002200
苏宁云商,|002024
中钨高新,|000657
萃华珠宝,|002731
华仁药业,|300110
富邦股份,|300387
金瑞矿业,|600714
江苏有线,|600959
紫鑫药业,|002118
华昌达,|300278
冠城大通,|600067
盛和资源,|600392
深圳能源,|000027
万达信息,|300168
新文化,|300336
英飞拓,|002528
民丰特纸,|600235
鲁信创投,|600783
上海三毛,|600689
华胜天成,|600410
北京科锐,|002350
天士力,|600535
界龙实业,|600836
碧水源,|300070
天壕环境,|300332
开滦股份,|600997
阳煤化工,|600691
瑞凌股份,|300154
上海临港,|600848
金杯电工,|002533
银座股份,|600858
国电电力,|600795
华东科技,|000727
大东方,|600327
中直股份,|600038
申万宏源,|000166
中电电机,|603988
天源迪科,|300047
光大证券,|601788
新 海 宜,|002089
申能股份,|600642
熊猫金控,|600599
恒天海龙,|000677
三圣股份,|002742
陕西黑猫,|601015
乾景园林,|603778
厦门国贸,|600755
珠海中富,|000659
北方创业,|600967
远兴能源,|000683
华泰股份,|600308
甘肃电投,|000791
德豪润达,|002005
中煤能源,|601898
兴蓉环境,|000598
宜华健康,|000150
中广核技,|000881
泰禾集团,|000732
九牧王,|601566
远大控股,|000626
华邦健康,|002004
绿地控股,|600606
千金药业,|600479
浙富控股,|002266
第一创业,|002797
现代制药,|600420
粤电力Ａ,|000539
长青集团,|002616
福日电子,|600203
上实发展,|600748
海翔药业,|002099
法拉电子,|600563
北方导航,|600435
上海九百,|600838
东宝生物,|300239
*ST商城,|600306
漫步者,|002351
天创时尚,|603608
天龙光电,|300029
信立泰,|002294
英联股份,|002846
粤 水 电,|002060
神州长城,|000018
华润双鹤,|600062
中国电建,|601669
联化科技,|002250
古井贡酒,|000596
丹化科技,|600844
特 尔 佳,|002213
金洲慈航,|000587
康缘药业,|600557
音飞储存,|603066
恒康医疗,|002219
八菱科技,|002592
东风科技,|600081
国投安信,|600061
宋都股份,|600077
华纺股份,|600448
中船科技,|600072
江海股份,|002484
黄山旅游,|600054
燕京啤酒,|000729
天茂集团,|000627
文峰股份,|601010
银河磁体,|300127
锦江股份,|600754
神州泰岳,|300002
广信股份,|603599
顺网科技,|300113
蓝科高新,|601798
世茂股份,|600823
中科三环,|000970
齐翔腾达,|002408
华侨城Ａ,|000069
沪电股份,|002463
恒大高新,|002591
中工国际,|002051
光线传媒,|300251
中国高科,|600730
雏鹰农牧,|002477
林州重机,|002535
数码视讯,|300079
远方光电,|300306
海南椰岛,|600238
海南橡胶,|601118
三六五网,|300295
同方股份,|600100
雷曼股份,|300162
海润光伏,|600401
天健集团,|000090
华远地产,|600743
中信证券,|600030
博实股份,|002698
维尔利,|300190
醋化股份,|603968
隆基股份,|601012
润邦股份,|002483
泰格医药,|300347
成发科技,|600391
慈星股份,|300307
农 产 品,|000061
安居宝,|300155
迪安诊断,|300244
荃银高科,|300087
凯撒文化,|002425
银信科技,|300231
英 力 特,|000635
启明信息,|002232
山东华鹏,|603021
宗申动力,|001696
交运股份,|600676
戴维医疗,|300314
江山股份,|600389
片仔癀,|600436
维格娜丝,|603518
上海石化,|600688
首创股份,|600008
四方精创,|300468
神州高铁,|000008
禾丰牧业,|603609
桂冠电力,|600236
新华传媒,|600825
供销大集,|000564
国信证券,|002736
恒顺众N,|300208
大通燃气,|000593
西南证券,|600369
元力股份,|300174
富煌钢构,|002743
汉缆股份,|002498
通程控股,|000419
美亚光电,|002690
川仪股份,|603100
廊坊发展,|600149
津膜科技,|300334
东方明珠,|600637
飞科电器,|603868
爱仕达,|002403
国脉科技,|002093
亚邦股份,|603188
雪浪环境,|300385
莫高股份,|600543
珠江实业,|600684
世纪华通,|002602
太极集团,|600129
正平股份,|603843
汇川技术,|300124
海泰发展,|600082
陕西煤业,|601225
兴业银行,|601166
海马汽车,|000572
赢合科技,|300457
华测检测,|300012
三安光电,|600703
雪迪龙,|002658
江泉实业,|600212
瑞丰高材,|300243
广东甘化,|000576
南宁百货,|600712
久立特材,|002318
斯太尔,|000760
华力创通,|300045
韵达股份,|002120
世联行,|002285
黄山胶囊,|002817
康芝药业,|300086
四方达,|300179
新华联,|000620
国栋建设,|600321
世荣兆业,|002016
哈尔斯,|002615
奥拓电子,|002587
一汽轿车,|000800
香江控股,|600162
天坛生物,|600161
正业科技,|300410
浙江富润,|600070
穗恒运Ａ,|000531
长江电力,|600900
御银股份,|002177
洪都航空,|600316
广田集团,|002482
广汇汽车,|600297
申华控股,|600653
盛天网络,|300494
搜于特,|002503
龙韵股份,|603729
*ST油工,|600339
恒锋信息,|300605
艾派克,|002180
中 关 村,|000931
山河药辅,|300452
海通证券,|600837
利欧股份,|002131
宝鹰股份,|002047
山西证券,|002500
金健米业,|600127
大 东 南,|002263
珍宝岛,|603567
广济药业,|000952
佳隆股份,|002495
中国软件,|600536
可立克,|002782
融钰集团,|002622
康普顿,|603798
三泰控股,|002312
顺鑫农业,|000860
金岭矿业,|000655
卫宁健康,|300253
安妮股份,|002235
麦趣尔,|002719
汉商集团,|600774
中国银河,|601881
新南洋,|600661
红日药业,|300026
东吴证券,|601555
富瑞特装,|300228
通化金马,|000766
江河集团,|601886
东方能源,|000958
圣莱达,|002473
开尔新材,|300234
星河生物,|300143
渤海金控,|000415
国联水产,|300094
隆平高科,|000998
开创国际,|600097
诚迈科技,|300598
万向钱潮,|000559
山鹰纸业,|600567
怡 亚 通,|002183
青山纸业,|600103
科远股份,|002380
新集能源,|601918
数字政通,|300075
华信国际,|002018
金科娱乐,|300459
西陇科学,|002584
酒鬼酒,|000799
广发证券,|000776
哈投股份,|600864
卧龙电气,|600580
华银电力,|600744
华工科技,|000988
美的集团,|000333
鼎龙股份,|300054
新奥股份,|600803
森源电气,|002358
星光农机,|603789
三湘印象,|000863
光一科技,|300356
松芝股份,|002454
首航节能,|002665
中泰桥梁,|002659
长春燃气,|600333
三特索道,|002159
新疆城建,|600545
彩虹股份,|600707
长江证券,|000783
国祯环保,|300388
海欣股份,|600851
五洲交通,|600368
沧州大化,|600230
卓翼科技,|002369
上海建工,|600170
新时达,|002527
中泰股份,|300435
海能达,|002583
鲁抗医药,|600789
福能股份,|600483
诚志股份,|000990
沈阳机床,|000410
国海证券,|000750
酒钢宏兴,|600307
爱施德,|002416
新湖中宝,|600208
通富微电,|002156
京运通,|601908
东湖高新,|600133
浦东金桥,|600639
招商蛇口,|001979
积成电子,|002339
南兴装备,|002757
报 喜 鸟,|002154
财信发展,|000838
东华测试,|300354
盘江股份,|600395
正海磁材,|300224
大商股份,|600694
宝钢包装,|601968
榕基软件,|002474
康跃科技,|300391
双象股份,|002395
明泰铝业,|601677
广百股份,|002187
新华百货,|600785
博思软件,|300525
兰花科创,|600123
先锋新材,|300163
长园集团,|600525
深天地Ａ,|000023
牧原股份,|002714
乔治白,|002687
数源科技,|000909
巴安水务,|300262
普利特,|002324
民和股份,|002234
合肥城建,|002208
四川九洲,|000801
广电电气,|601616
中恒电气,|002364
兆日科技,|300333
德威新材,|300325
芭田股份,|002170
大同煤业,|601001
合肥百货,|000417
云图控股,|002539
中国中铁,|601390
粤 传 媒,|002181
东江环保,|002672
东方证券,|600958
威海广泰,|002111
瑞丰光电,|300241
张江高科,|600895
强生控股,|600662
宁波韵升,|600366
宁波富达,|600724
海南矿业,|601969
抚顺特钢,|600399
生 意 宝,|002095
东兴证券,|601198
水晶光电,|002273
仁智股份,|002629
招商银行,|600036
金鹰股份,|600232
德展健康,|000813
景峰医药,|000908
立思辰,|300010
完美世界,|002624
深大通,|000038
蓝晓科技,|300487
中化岩土,|002542
锌业股份,|000751
*ST宏盛,|600817
民生银行,|600016
奥克股份,|300082
金科股份,|000656
中国石化,|600028
深振业Ａ,|000006
东方集团,|600811
中航飞机,|000768
华业资本,|600240
安泰集团,|600408
宝光股份,|600379
双成药业,|002693
振华重工,|600320
嘉宝集团,|600622
雅戈尔,|600177
东方精工,|002611
远东传动,|002406
诺力股份,|603611
复旦复华,|600624
中国交建,|601800
全筑股份,|603030
好当家,|600467
迎驾贡酒,|603198
清新环境,|002573
日上集团,|002593
皖能电力,|000543
天地科技,|600582
保龄宝,|002286
东风汽车,|600006
大禹节水,|300021
紫江企业,|600210
陕天然气,|002267
永东股份,|002753
吉鑫科技,|601218
毅昌股份,|002420
九洲药业,|603456
赣粤高速,|600269
南极电商,|002127
舒泰神,|300204
国泰君安,|601211
锦江投资,|600650
九 芝 堂,|000989
锦富技术,|300128
双星新材,|002585
金太阳,|300606
中金环境,|300145
凤形股份,|002760
上海家化,|600315
ST狮头,|600539
天华超净,|300390
苏奥传感,|300507
慈文传媒,|002343
天海投资,|600751
惠天热电,|000692
首旅酒店,|600258
盛运环保,|300090
盛路通信,|002446
深圳燃气,|601139
瑞贝卡,|600439
中国电影,|600977
浙江震元,|000705
晨光文具,|603899
郴电国际,|600969
莱宝高科,|002106
骅威文化,|002502
力源信息,|300184
恺英网络,|002517
汇源通信,|000586
兴业证券,|601377
司尔特,|002538
川投能源,|600674
司太立,|603520
万润股份,|002643
亚宝药业,|600351
湘电股份,|600416
金种子酒,|600199
世纪瑞尔,|300150
漳泽电力,|000767
中牧股份,|600195
红蜻蜓,|603116
海王生物,|000078
海源机械,|002529
长白山,|603099
欧浦智网,|002711
金利华电,|300069
德赛电池,|000049
华电国际,|600027
江苏银行,|600919
南 玻Ａ,|000012
汉邦高科,|300449
跃岭股份,|002725
中矿资源,|002738
向日葵,|300111
金字火腿,|002515
深纺织Ａ,|000045
兴民智通,|002355
国金证券,|600109
锐奇股份,|300126
西部黄金,|601069
福建高速,|600033
东华科技,|002140
电科院,|300215
崇达技术,|002815
雄帝科技,|300546
易明医药,|002826
三垒股份,|002621
安记食品,|603696
杭萧钢构,|600477
高德红外,|002414
汉王科技,|002362
广宇集团,|002133
兆新股份,|002256
泰合健康,|000790
中国核电,|601985
华孚色纺,|002042
中国铁建,|601186
日机密封,|300470
大恒科技,|600288
太钢不锈,|000825
康达尔,|000048
上海梅林,|600073
金路集团,|000510
航民股份,|600987
韶能股份,|000601
山大华特,|000915
中泰化学,|002092
洪涛股份,|002325
索菱股份,|002766
建投能源,|000600
福建金森,|002679
华联控股,|000036
辉隆股份,|002556
山东赫达,|002810
中南传媒,|601098
山东黄金,|600547
通达股份,|002560
欣龙控股,|000955
招商证券,|600999
敦煌种业,|600354
海澜之家,|600398
诺德股份,|600110
中设集团,|603018
帝龙文化,|002247
英洛华,|000795
湖南发展,|000722
拓尔思,|300229
京能置业,|600791
海宁皮城,|002344
中航机电,|002013
山河智能,|002097
中茵股份,|600745
龙头股份,|600630
科达洁能,|600499
紫金矿业,|601899
新野纺织,|002087
津劝业,|600821
益民集团,|600824
暴风集团,|300431
海印股份,|000861
上海银行,|601229
艾比森,|300389
歌力思,|603808
海南航空,|600221
老凤祥,|600612
江铃汽车,|000550
创意信息,|300366
宁波银行,|002142
国检集团,|603060
中航动力,|600893
精工钢构,|600496
西安饮食,|000721
通润装备,|002150
新黄浦,|600638
腾邦国际,|300178
沃华医药,|002107
中国石油,|601857
中航动控,|000738
金河生物,|002688
浙江东方,|600120
永辉超市,|601933
中铁工业,|600528
四川金顶,|600678
上工申贝,|600843
北新路桥,|002307
人民网,|603000
南山铝业,|600219
广电运通,|002152
青岛啤酒,|600600
法 尔 胜,|000890
恒顺醋业,|600305
广晟有色,|600259
*ST生物,|000504
金一文化,|002721
雄韬股份,|002733
科伦药业,|002422
启迪桑德,|000826
内蒙华电,|600863
中核钛白,|002145
青青稞酒,|002646
三江购物,|601116
赣能股份,|000899
世纪星源,|000005
巨龙管业,|002619
保利地产,|600048
风华高科,|000636
来伊份,|603777
中飞股份,|300489
益丰药房,|603939
腾龙股份,|603158
恒邦股份,|002237
长江传媒,|600757
中海科技,|002401
株冶集团,|600961
南华仪器,|300417
伟明环保,|603568
中航资本,|600705
兴发集团,|600141
蓝帆医疗,|002382
莱克电气,|603355
中视传媒,|600088
新华医疗,|600587
地尔汉宇,|300403
外运发展,|600270
渤海股份,|000605
西王食品,|000639
江苏吴中,|600200
佛慈制药,|002644
蓝盾股份,|300297
亚太股份,|002284
浪潮信息,|000977
九鼎新材,|002201
金桥信息,|603918
九华旅游,|603199
华鹏飞,|300350
中文传媒,|600373
中新药业,|600329
小康股份,|601127
瑞茂通,|600180
华夏银行,|600015
新 希 望,|000876
明牌珠宝,|002574
*ST星湖,|600866
华茂股份,|000850
九鼎投资,|600053
海大集团,|002311
四川美丰,|000731
永艺股份,|603600
拓斯达,|300607
金山股份,|600396
贵航股份,|600523
南方传媒,|601900
皖通科技,|002331
亚夏汽车,|002607
天山生物,|300313
中航高科,|600862
翰宇药业,|300199
白云山,|600332
珈伟股份,|300317
万里石,|002785
皖维高新,|600063
科力远,|600478
九安医疗,|002432
顺发恒业,|000631
天马股份,|002122
联发股份,|002394
吉林敖东,|000623
海南海药,|000566
长源电力,|000966
现代投资,|000900
铁岭新城,|000809
高乐股份,|002348
兖州煤业,|600188
华锦股份,|000059
高升控股,|000971
湖北宜化,|000422
百利电气,|600468
华天酒店,|000428
康美药业,|600518
中航电子,|600372
石基信息,|002153
盐 田 港,|000088
莲花健康,|600186
北斗星通,|002151
东方电缆,|603606
双环传动,|002472
华安证券,|600909
保千里,|600074
杰赛科技,|002544
超华科技,|002288
中际装备,|300308
鲁阳节能,|002088
天顺风能,|002531
浦东建设,|600284
拓普集团,|601689
中原高速,|600020
苏州固锝,|002079
万达院线,|002739
宁夏建材,|600449
浙江龙盛,|600352
凯发电气,|300407
飞乐音响,|600651
北方国际,|000065
恒泰实达,|300513
优博讯,|300531
井神股份,|603299
宝德股份,|300023
凯利泰,|300326
三一重工,|600031
大唐电信,|600198
闰土股份,|002440
高新发展,|000628
新宝股份,|002705
广誉远,|600771
南钢股份,|600282
巨星科技,|002444
*ST珠江,|000505
凤凰股份,|600716
九洲电气,|300040
创业环保,|600874
英唐智控,|300131
太阳纸业,|002078
豫光金铅,|600531
成都路桥,|002628
滨海能源,|000695
安图生物,|603658
国创高新,|002377
兄弟科技,|002562
朗迪集团,|603726
尖峰集团,|600668
罗 牛 山,|000735
南山控股,|002314
深中华A,|000017
号百控股,|600640
派思股份,|603318
东方金钰,|600086
明星电力,|600101
深康佳Ａ,|000016
中毅达,|600610
许继电气,|000400
武汉中商,|000785
越秀金控,|000987
营口港,|600317
上海机电,|600835
京威股份,|002662
太原重工,|600169
聚龙股份,|300202
古越龙山,|600059
春晖股份,|000976
浙江医药,|600216
保变电气,|600550
引力传媒,|603598
*ST中发,|600520
首开股份,|600376
东易日盛,|002713
恒信移动,|300081
上海电影,|601595
航天发展,|000547
长安汽车,|000625
华控赛格,|000068
京新药业,|002020
中国一重,|601106
四川长虹,|600839
长江通信,|600345
恩华药业,|002262
江南高纤,|600527
惠博普,|002554
中船防务,|600685
昆仑万维,|300418
高澜股份,|300499
美康生物,|300439
精伦电子,|600355
潮宏基,|002345
上海电力,|600021
哈药股份,|600664
东方新星,|002755
新联电子,|002546
银河电子,|002519
南京化纤,|600889
广日股份,|600894
隧道股份,|600820
秦川机床,|000837
中电鑫龙,|002298
康泰生物,|300601
文山电力,|600995
中元股份,|300018
亿帆医药,|002019
骆驼股份,|601311
航天晨光,|600501
赤峰黄金,|600988
中航电测,|300114
南通锻压,|300280
天神娱乐,|002354
中亚股份,|300512
华建集团,|600629
中国联通,|600050
太阳电缆,|002300
格力地产,|600185
南国置业,|002305
露笑科技,|002617
鑫茂科技,|000836
海欣食品,|002702
新宁物流,|300013
景兴纸业,|002067
晨鸣纸业,|000488
强力新材,|300429
深物业A,|000011
中金黄金,|600489
中兵红箭,|000519
雷科防务,|002413
伟星股份,|002003
常铝股份,|002160
*ST中特,|002423
通威股份,|600438
平潭发展,|000592
汉威电子,|300007
世龙实业,|002748
绿盟科技,|300369
安彩高科,|600207
奥康国际,|603001
东材科技,|601208
水井坊,|600779
南京医药,|600713
宁波热电,|600982
建发股份,|600153
中青旅,|600138
开开实业,|600272
永安药业,|002365
清水源,|300437
康拓红外,|300455
九阳股份,|002242
深 赛 格,|000058
梦百合,|603313
中科金财,|002657
安洁科技,|002635
机器人,|300024
青海春天,|600381
软控股份,|002073
靖远煤电,|000552
普洛药业,|000739
奇信股份,|002781
海特高新,|002023
盾安环境,|002011
新宏泰,|603016
莱美药业,|300006
姚记扑克,|002605
顺威股份,|002676
大洋电机,|002249
日海通讯,|002313
三友化工,|600409
三 力 士,|002224
宝莱特,|300246
龙净环保,|600388
巨化股份,|600160
游族网络,|002174
金枫酒业,|600616
启明星辰,|002439
广宇发展,|000537
宜安科技,|300328
蒙发利,|002614
亚泰集团,|600881
圆通速递,|600233
亚星锚链,|601890
方盛制药,|603998
龙元建设,|600491
大冷股份,|000530
北京文化,|000802
全信股份,|300447
莱茵生物,|002166
绿庭投资,|600695
达安基因,|002030
大地传媒,|000719
全志科技,|300458
欧普照明,|603515
博通股份,|600455
北信源,|300352
中信银行,|601998
会稽山,|601579
徐家汇,|002561
赛升药业,|300485
亿晶光电,|600537
白云机场,|600004
新莱应材,|300260
永新股份,|002014
美菱电器,|000521
摩登大道,|002656
美利云,|000815
安诺其,|300067
欧亚集团,|600697
众生药业,|002317
三角轮胎,|601163
智慧松德,|300173
新通联,|603022
通光线缆,|300265
新 华 都,|002264
华通医药,|002758
羚锐制药,|600285
杭齿前进,|601177
捷顺科技,|002609
西昌电力,|600505
厦华电子,|600870
智度股份,|000676
恒通股份,|603223
加加食品,|002650
漳州发展,|000753
大连圣亚,|600593
泛海控股,|000046
天地源,|600665
沙河股份,|000014
承德露露,|000848
津滨发展,|000897
北部湾港,|000582
天和防务,|300397
隆鑫通用,|603766
一拖股份,|601038
山东高速,|600350
兴森科技,|002436
棒杰股份,|002634
粤泰股份,|600393
雅本化学,|300261
宁波港,|601018
建研集团,|002398
深科技,|000021
鲁银投资,|600784
龙泉股份,|002671
生物股份,|600201
平庄能源,|000780
华讯方舟,|000687
双环科技,|000707
徐工机械,|000425
迈克生物,|300463
祥龙电业,|600769
上海贝岭,|600171
星网锐捷,|002396
柳钢股份,|601003
陕鼓动力,|601369
东方通信,|600776
三木集团,|000632
苏交科,|300284
安信信托,|600816
海信电器,|600060
广东榕泰,|600589
伊利股份,|600887
金徽酒,|603919
航天电子,|600879
利德曼,|300289
兰州黄河,|000929
深高速,|600548
铁汉生态,|300197
宏昌电子,|603002
易成新能,|300080
新界泵业,|002532
弘高创意,|002504
重庆港九,|600279
华帝股份,|002035
上港集团,|600018
华升股份,|600156
孚日股份,|002083
丽珠集团,|000513
烟台冰轮,|000811
闽东电力,|000993
象屿股份,|600057
雅百特,|002323
罗普斯金,|002333
平煤股份,|601666
红宇新材,|300345
威龙股份,|603779
郑州煤电,|600121
兆驰股份,|002429
中海达,|300177
塔牌集团,|002233
七 匹 狼,|002029
东风股份,|601515
奥瑞金,|002701
中航光电,|002179
威孚高科,|000581
福瑞股份,|300049
海航基础,|600515
浩物股份,|000757
众和股份,|002070
高鸿股份,|000851
安琪酵母,|600298
太阳鸟,|300123
上汽集团,|600104
金信诺,|300252
凯撒旅游,|000796
四维图新,|002405
重庆路桥,|600106
普莱柯,|603566
恒立液压,|601100
欣旺达,|300207
永高股份,|002641
新 和 成,|002001
中兴商业,|000715
华立股份,|603038
捷成股份,|300182
四川路桥,|600039
时代万恒,|600241
万里扬,|002434
应流股份,|603308
华舟应急,|300527
双杰电气,|300444
金明精机,|300281
渤海活塞,|600960
上海凤凰,|600679
天山股份,|000877
中通客车,|000957
小天鹅Ａ,|000418
悦达投资,|600805
中天城投,|000540
天奇股份,|002009
中孚实业,|600595
同德化工,|002360
天宸股份,|600620
光明地产,|600708
嘉化能源,|600273
ST成城,|600247
第一医药,|600833
浔兴股份,|002098
鲁商置业,|600223
银江股份,|300020
海普瑞,|002399
激智科技,|300566
宝新能源,|000690
道明光学,|002632
泰晶科技,|603738
日发精机,|002520
浙江广厦,|600052
金牛化工,|600722
玉龙股份,|601028
顾家家居,|603816
华谊兄弟,|300027
马应龙,|600993
运盛医疗,|600767
宁波高发,|603788
览海投资,|600896
葵花药业,|002737
张 裕Ａ,|000869
鸿利智汇,|300219
国统股份,|002205
广深铁路,|601333
涪陵榨菜,|002507
欧比特,|300053
华谊嘉信,|300071
中国铝业,|601600
欢瑞世纪,|000892
黑牛食品,|002387
徕木股份,|603633
凯龙股份,|002783
富春通信,|300299
启迪设计,|300500
大华股份,|002236
禾嘉股份,|600093
弘讯科技,|603015
思维列控,|603508
中信重工,|601608
上海能源,|600508
长城电脑,|000066
智光电气,|002169
中航三鑫,|002163
科达股份,|600986
博创科技,|300548
博世科,|300422
楚天科技,|300358
丽鹏股份,|002374
浙江众成,|002522
辉丰股份,|002496
大西洋,|600558
依米康,|300249
特锐德,|300001
唐山港,|601000
菲利华,|300395
长生生物,|002680
曲江文旅,|600706
天邦股份,|002124
亿利达,|002686
大族激光,|002008
佳都科技,|600728
荣之联,|002642
神力股份,|603819
中炬高新,|600872
双林股份,|300100
华新水泥,|600801
浙江东日,|600113
蓝思科技,|300433
万业企业,|600641
深赤湾Ａ,|000022
龙马环卫,|603686
奥飞娱乐,|002292
合锻智能,|603011
方正证券,|601901
电子城,|600658
富安娜,|002327
鄂尔多斯,|600295
厦工股份,|600815
摩恩电气,|002451
玲珑轮胎,|601966
雷柏科技,|002577
厦门空港,|600897
汉鼎宇佑,|300300
飞亚达Ａ,|000026
保税科技,|600794
*ST盈方,|000670
金风科技,|002202
三德科技,|300515
宝胜股份,|600973
桐昆股份,|601233
铁龙物流,|600125
永创智能,|603901
惠而浦,|600983
理工光科,|300557
中天能源,|600856
克明面业,|002661
永和智控,|002795
宇通客车,|600066
日照港,|600017
荣安地产,|000517
东方银星,|600753
亚振家居,|603389
天威视讯,|002238
未名医药,|002581
汇金股份,|300368
华数传媒,|000156
六国化工,|600470
首钢股份,|000959
岷江水电,|600131
常山股份,|000158
美力科技,|300611
鹏博士,|600804
光环新网,|300383
宝莫股份,|002476
奥联电子,|300585
安徽合力,|600761
金 螳 螂,|002081
长春一东,|600148
三川智慧,|300066
赢时胜,|300377
任子行,|300311
石英股份,|603688
兴业科技,|002674
大北农,|002385
轴研科技,|002046
三维股份,|603033
四方冷链,|603339
瑞特股份,|300600
中信海直,|000099
达志科技,|300530
安德利,|603031
鼎信通讯,|603421
万讯自控,|300112
容大感光,|300576
北京利尔,|002392
永利股份,|300230
龙蟒佰利,|002601
鹭燕医药,|002788
神剑股份,|002361
亚威股份,|002559
中国核建,|601611
亚星化学,|600319
天成控股,|600112
豫金刚石,|300064
辉煌科技,|002296
合诚股份,|603909
福斯特,|603806
名雕股份,|002830
宝钛股份,|600456
万里股份,|600847
千禾味业,|603027
红星发展,|600367
园城黄金,|600766
宋城演艺,|300144
神奇制药,|600613
伊之密,|300415
华贸物流,|603128
幸福蓝海,|300528
久远银海,|002777
百川股份,|002455
万邦达,|300055
东山精密,|002384
两面针,|600249
中润资源,|000506
达实智能,|002421
杭锅股份,|002534
蓝海华腾,|300484
东方航空,|600115
天房发展,|600322
同仁堂,|600085
世纪游轮,|002558
巴士在线,|002188
天通股份,|600330
爱康科技,|002610
*ST五稀,|000831
乐通股份,|002319
思创医惠,|300078
百利科技,|603959
兰州民百,|600738
广西广电,|600936
湖南黄金,|002155
岳阳林纸,|600963
超图软件,|300036
九州通,|600998
佛塑科技,|000973
沃森生物,|300142
东软集团,|600718
青松建化,|600425
上峰水泥,|000672
金莱特,|002723
神州易桥,|000606
和而泰,|002402
科大讯飞,|002230
健帆生物,|300529
农尚环境,|300536
海 利 得,|002206
亚泰国际,|002811
锦州港,|600190
*ST沪科,|600608
赛托生物,|300583
旭光股份,|600353
黄河旋风,|600172
富森美,|002818
陕国投Ａ,|000563
联创电子,|002036
泰胜风能,|300129
优德精密,|300549
滨江集团,|002244
国星光电,|002449
美晨科技,|300237
长青股份,|002391
和仁科技,|300550
北京城建,|600266
猛狮科技,|002684
雪榕生物,|300511
安徽水利,|600502
岳阳兴长,|000819
沙隆达Ａ,|000553
中装建设,|002822
泰尔股份,|002347
多喜爱,|002761
秋林集团,|600891
航新科技,|300424
南风股份,|300004
华峰氨纶,|002064
世名科技,|300522
哈空调,|600202
万年青,|000789
威创股份,|002308
祁连山,|600720
新朋股份,|002328
海波重科,|300517
中再资环,|600217
棕榈股份,|002431
方正科技,|600601
雪人股份,|002639
天翔环境,|300362
特变电工,|600089
道森股份,|603800
杰瑞股份,|002353
大连港,|601880
金新农,|002548
赛福天,|603028
金安国纪,|002636
登海种业,|002041
新疆众和,|600888
华鲁恒升,|600426
*ST韶钢,|000717
博敏电子,|603936
三峡新材,|600293
比音勒芬,|002832
中路股份,|600818
麦达数字,|002137
东方雨虹,|002271
福成股份,|600965
柳 工,|000528
南风化工,|000737
白银有色,|601212
东土科技,|300353
万家文化,|600576
德力股份,|002571
粤宏远Ａ,|000573
横店东磁,|002056
中国嘉陵,|600877
昌红科技,|300151
巨轮智能,|002031
蓝英装备,|300293
星网宇达,|002829
东方通,|300379
太化股份,|600281
龙建股份,|600853
汉森制药,|002412
振华股份,|603067
合众思壮,|002383
陕西金叶,|000812
美盈森,|002303
新华制药,|000756
森特股份,|603098
奥马电器,|002668
*ST冀装,|000856
海利生物,|603718
光力科技,|300480
中顺洁柔,|002511
久之洋,|300516
渝 开 发,|000514
新光药业,|300519
西部证券,|002673
楚江新材,|002171
千方科技,|002373
浙江美大,|002677
川大智胜,|002253
神宇股份,|300563
海顺新材,|300501
华英农业,|002321
平治信息,|300571
新易盛,|300502
新雷能,|300593
盛洋科技,|603703
新光圆成,|002147
快克股份,|603203
中国重汽,|000951
银泰资源,|000975
川金诺,|300505
城地股份,|603887
金马股份,|000980
众合科技,|000925
合纵科技,|300477
扬农化工,|600486
浙大网新,|600797
新亚制程,|002388
良信电器,|002706
天虹商场,|002419
纽威股份,|603699
好想你,|002582
利尔化学,|002258
凤凰光学,|600071
利源精制,|002501
京投发展,|600683
工大高新,|600701
神雾环保,|300156
中电广通,|600764
科大国创,|300520
欣天科技,|300615
ST生化,|000403
钢研高纳,|300034
坚朗五金,|002791
新晨科技,|300542
南 京 港,|002040
德宏股份,|603701
东安动力,|600178
老板电器,|002508
濮阳惠成,|300481
百润股份,|002568
波导股份,|600130
苏大维格,|300331
中来股份,|300393
华录百纳,|300291
拓邦股份,|002139
宏盛股份,|603090
华海药业,|600521
湖南投资,|000548
美联新材,|300586
河北宣工,|000923
传化智联,|002010
宜通世纪,|300310
海兴电力,|603556
科大智能,|300222
国泰集团,|603977
武进不锈,|603878
长久物流,|603569
天鹅股份,|603029
厦门港务,|000905
凌云股份,|600480
同洲电子,|002052
凯众股份,|603037
荣泰健康,|603579
江龙船艇,|300589
银鸽投资,|600069
科华恒盛,|002335
民生控股,|000416
湘油泵,|603319
西仪股份,|002265
赛为智能,|300044
盈峰环境,|000967
金盾股份,|300411
康弘药业,|002773
维宏股份,|300508
宝色股份,|300402
科信技术,|300565
嘉事堂,|002462
万安科技,|002590
青海华鼎,|600243
英维克,|002837
奇精机械,|603677
晨曦航空,|300581
千山药机,|300216
飞荣达,|300602
三夫户外,|002780
汇冠股份,|300282
杰克股份,|603337
步长制药,|603858
金诚信,|603979
豪迈科技,|002595
梦网荣信,|002123
德新交运,|603032
全柴动力,|600218
恒通科技,|300374
白云电器,|603861
中富通,|300560
红相电力,|300427
海信科龙,|000921
创元科技,|000551
顺丰控股,|002352
东方园林,|002310
澄星股份,|600078
中国国航,|601111
桂发祥,|002820
弘亚数控,|002833
金鸿能源,|000669
家家悦,|603708
新宙邦,|300037
生益科技,|600183
联美控股,|600167
信隆健康,|002105
方大化工,|000818
正裕工业,|603089
金龙汽车,|600686
湖南海利,|600731
常熟汽饰,|603035
珠海港,|000507
一汽夏利,|000927
中科创达,|300496
汇顶科技,|603160
九强生物,|300406
思特奇,|300608
宏辉果蔬,|603336
东方时尚,|603377
三祥新材,|603663
远大智能,|002689
华凯创意,|300592
美尚生态,|300495
景旺电子,|603228
盐津铺子,|002847
今天国际,|300532
上海物贸,|600822
精达股份,|600577
一汽富维,|600742
爱建集团,|600643
老百姓,|603883
青岛金王,|002094
汇金科技,|300561
金发拉比,|002762
通灵珠宝,|603900
信捷电气,|603416
移为通信,|300590
光正集团,|002524
佳发安泰,|300559
东方电气,|600875
同力水泥,|000885
田中精机,|300461
集智股份,|300553
和胜股份,|002824
太辰光,|300570
贝肯能源,|002828
华统股份,|002840
海天精工,|601882
贝斯特,|300580
博迈科,|603727
康德莱,|603987
三星新材,|603578
深冷股份,|300540
江山欧派,|603208
上海亚虹,|603159
新宏泽,|002836
古鳌科技,|300551
华达科技,|603358
先进数通,|300541
福建水泥,|600802
永吉股份,|603058
新美星,|300509
博济医药,|300404
同为股份,|002835
丝路视觉,|300556
裕同科技,|002831
胜利股份,|000407
兴齐眼药,|300573
中航黑豹,|600760
数字认证,|300579
路通视信,|300555
综艺股份,|600770
合力泰,|002217
同益股份,|300538
兴业股份,|603928
*ST南电A,|000037
诺邦股份,|603238
天铁股份,|300587
山东路桥,|000498
川环科技,|300547
天龙股份,|603266
博威合金,|601137
华微电子,|600360
安正时尚,|603839
开润股份,|300577
塞力斯,|603716
熙菱信息,|300588
至纯科技,|603690
百合花,|603823
纳尔股份,|002825
湖南天雁,|600698
三联商社,|600898
镇海股份,|603637
安车检测,|300572
三棵树,|603737
苏利股份,|603585
立昂技术,|300603
英飞特,|300582
元祖股份,|603886
瑞尔特,|002790
利安隆,|300596
横河模具,|300539
金雷风电,|300443
神雾节能,|000820
大洲兴业,|600603
日月股份,|603218
蒙草生态,|300355
百傲化学,|603360
威星智能,|002849
泛微网络,|603039
泰嘉股份,|002843
云南能投,|002053
杭叉集团,|603298
*ST大有,|600403
太平鸟,|603877
茶花股份,|603615
艾迪精密,|603638
宣亚国际,|300612
科达利,|002850
ST山水,|600234
德创环保,|603177
ST上普,|600680
*ST昆机,|600806
晨化股份,|300610
道恩股份,|002838
贵广网络,|600996
共进股份,|603118
金浦钛业,|000545
翔鹭钨业,|002842
皖天然气,|603689
亚通股份,|600692
丹邦科技,|002618
苏州科达,|603660
重庆建工,|600939
中信国安,|000839
法兰泰克,|603966
博天环境,|603603
吉大通信,|300597
麦迪科技,|603990
中国科传,|601858
安 纳 达,|002136
中旗股份,|300575
雄塑科技,|300599
数据港,|603881
海峡环保,|603817
富瀚微,|300613
天马科技,|603668
天津磁卡,|600800
兴化股份,|002109
如通股份,|603036
冰川网络,|300533
龙江交通,|601188
苏州恒久,|002808
亚翔集成,|603929
海利尔,|603639
万里马,|300591
大唐发电,|601991
道道全,|002852
红 太 阳,|000525
吉比特,|603444
通宇通讯,|002792
尚品宅配,|300616
电魂网络,|603258
康隆达,|603665
荣晟环保,|603165
汇纳科技,|300609
牧高笛,|603908
金银河,|300619
华正新材,|603186
宝鼎科技,|002552
建艺集团,|002789
万集科技,|300552
花王股份,|603007
安靠智电,|300617
中葡股份,|600084
同和药业,|300636
达安股份,|300635
开立医疗,|300633
光莆股份,|300632
欣泰电气,|300372
今飞凯达,|002863
实丰文化,|002862
瀛通通讯,|002861
星帅尔,|002860
洁美科技,|002859
*ST川化,|000155
*ST新都,|000033
铁流股份,|603926
龙蟠科技,|603906
坤彩科技,|603826
联泰环保,|603797
金麒麟,|603586
美诺华,|603538
惠达卫浴,|603385
得邦照明,|603303
新凤鸣,|603225
康惠制药,|603139
江化微,|603078
科林电气,|603050
美思德,|603041
利群股份,|601366
广州港,|601228
*ST新梅,|600732
*ST常林,|600710
正丹股份,|300641
凯普生物,|300639
广和通,|300638
扬帆新材,|300637
